,PassengerId,Pclass,Sex,Age,SibSp,Parch,Fare
0,1,3,male,2.2,1,0,7.25
1,2,1,female,3.8,1,0,71.2833
2,3,3,female,2.6,0,0,7.925
3,4,1,female,3.5,1,0,53.1
4,5,3,male,3.5,0,0,8.05
5,6,3,male,2.9,0,0,8.4583
6,7,1,male,5.4,0,0,51.8625
7,8,3,male,0.2,3,1,21.075
8,9,3,female,2.7,0,2,11.1333
9,10,2,female,1.4,1,0,30.0708
10,11,3,female,0.4,1,1,16.7
11,12,1,female,5.8,0,0,26.55
12,13,3,male,2.0,0,0,8.05
13,14,3,male,3.9,1,5,31.275
14,15,3,female,1.4,0,0,7.8542
15,16,2,female,5.5,0,0,16.0
16,17,3,male,0.2,4,1,29.125
17,18,2,male,2.9,0,0,13.0
18,19,3,female,3.1,1,0,18.0
19,20,3,female,2.9,0,0,7.225
20,21,2,male,3.5,0,0,26.0
21,22,2,male,3.4,0,0,13.0
22,23,3,female,1.5,0,0,8.0292
23,24,1,male,2.8,0,0,35.5
24,25,3,female,0.8,3,1,21.075
25,26,3,female,3.8,1,5,31.3875
26,27,3,male,2.9,0,0,7.225
27,28,1,male,1.9,3,2,263.0
28,29,3,female,2.9,0,0,7.8792
29,30,3,male,2.9,0,0,7.8958
30,31,1,male,4.0,0,0,27.7208
31,32,1,female,2.9,1,0,146.5208
32,33,3,female,2.9,0,0,7.75
33,34,2,male,6.6,0,0,10.5
34,35,1,male,2.8,1,0,82.1708
35,36,1,male,4.2,1,0,52.0
36,37,3,male,2.9,0,0,7.2292
37,38,3,male,2.1,0,0,8.05
38,39,3,female,1.8,2,0,18.0
39,40,3,female,1.4,1,0,11.2417
40,41,3,female,4.0,1,0,9.475
41,42,2,female,2.7,1,0,21.0
42,43,3,male,2.9,0,0,7.8958
43,44,2,female,0.3,1,2,41.5792
44,45,3,female,1.9,0,0,7.8792
45,46,3,male,2.9,0,0,8.05
46,47,3,male,2.9,1,0,15.5
47,48,3,female,2.9,0,0,7.75
48,49,3,male,2.9,2,0,21.6792
49,50,3,female,1.8,1,0,17.8
50,51,3,male,0.7,4,1,39.6875
51,52,3,male,2.1,0,0,7.8
52,53,1,female,4.9,1,0,76.7292
53,54,2,female,2.9,1,0,26.0
54,55,1,male,6.5,0,1,61.9792
55,56,1,male,2.9,0,0,35.5
56,57,2,female,2.1,0,0,10.5
57,58,3,male,2.8,0,0,7.2292
58,59,2,female,0.5,1,2,27.75
59,60,3,male,1.1,5,2,46.9
60,61,3,male,2.2,0,0,7.2292
61,62,1,female,3.8,0,0,80.0
62,63,1,male,4.5,1,0,83.475
63,64,3,male,0.4,3,2,27.9
64,65,1,male,2.9,0,0,27.7208
65,66,3,male,2.9,1,1,15.2458
66,67,2,female,2.9,0,0,10.5
67,68,3,male,1.9,0,0,8.1583
68,69,3,female,1.7,4,2,7.925
69,70,3,male,2.6,2,0,8.6625
70,71,2,male,3.2,0,0,10.5
71,72,3,female,1.6,5,2,46.9
72,73,2,male,2.1,0,0,73.5
73,74,3,male,2.6,1,0,14.4542
74,75,3,male,3.2,0,0,56.4958
75,76,3,male,2.5,0,0,7.65
76,77,3,male,2.9,0,0,7.8958
77,78,3,male,2.9,0,0,8.05
78,79,2,male,0.0,0,2,29.0
79,80,3,female,3.0,0,0,12.475
80,81,3,male,2.2,0,0,9.0
81,82,3,male,2.9,0,0,9.5
82,83,3,female,2.9,0,0,7.7875
83,84,1,male,2.8,0,0,47.1
84,85,2,female,1.7,0,0,10.5
85,86,3,female,3.3,3,0,15.85
86,87,3,male,1.6,1,3,34.375
87,88,3,male,2.9,0,0,8.05
88,89,1,female,2.3,3,2,263.0
89,90,3,male,2.4,0,0,8.05
90,91,3,male,2.9,0,0,8.05
91,92,3,male,2.0,0,0,7.8542
92,93,1,male,4.6,1,0,61.175
93,94,3,male,2.6,1,2,20.575
94,95,3,male,5.9,0,0,7.25
95,96,3,male,2.9,0,0,8.05
96,97,1,male,7.1,0,0,34.6542
97,98,1,male,2.3,0,1,63.3583
98,99,2,female,3.4,0,1,23.0
99,100,2,male,3.4,1,0,26.0
100,101,3,female,2.8,0,0,7.8958
101,102,3,male,2.9,0,0,7.8958
102,103,1,male,2.1,0,1,77.2875
103,104,3,male,3.3,0,0,8.6542
104,105,3,male,3.7,2,0,7.925
105,106,3,male,2.8,0,0,7.8958
106,107,3,female,2.1,0,0,7.65
107,108,3,male,2.9,0,0,7.775
108,109,3,male,3.8,0,0,7.8958
109,110,3,female,2.9,1,0,24.15
110,111,1,male,4.7,0,0,52.0
111,112,3,female,1.4,1,0,14.4542
112,113,3,male,2.2,0,0,8.05
113,114,3,female,2.0,1,0,9.825
114,115,3,female,1.7,0,0,14.4583
115,116,3,male,2.1,0,0,7.925
116,117,3,male,7.0,0,0,7.75
117,118,2,male,2.9,1,0,21.0
118,119,1,male,2.4,0,1,247.5208
119,120,3,female,0.2,4,2,31.275
120,121,2,male,2.1,2,0,73.5
121,122,3,male,2.9,0,0,8.05
122,123,2,male,3.2,1,0,30.0708
123,124,2,female,3.2,0,0,13.0
124,125,1,male,5.4,0,1,77.2875
125,126,3,male,1.2,1,0,11.2417
126,127,3,male,2.9,0,0,7.75
127,128,3,male,2.4,0,0,7.1417
128,129,3,female,2.9,1,1,22.3583
129,130,3,male,4.5,0,0,6.975
130,131,3,male,3.3,0,0,7.8958
131,132,3,male,2.0,0,0,7.05
132,133,3,female,4.7,1,0,14.5
133,134,2,female,2.9,1,0,26.0
134,135,2,male,2.5,0,0,13.0
135,136,2,male,2.3,0,0,15.0458
136,137,1,female,1.9,0,2,26.2833
137,138,1,male,3.7,1,0,53.1
138,139,3,male,1.6,0,0,9.2167
139,140,1,male,2.4,0,0,79.2
140,141,3,female,2.9,0,2,15.2458
141,142,3,female,2.2,0,0,7.75
142,143,3,female,2.4,1,0,15.85
143,144,3,male,1.9,0,0,6.75
144,145,2,male,1.8,0,0,11.5
145,146,2,male,1.9,1,1,36.75
146,147,3,male,2.7,0,0,7.7958
147,148,3,female,0.9,2,2,34.375
148,149,2,male,3.6,0,2,26.0
149,150,2,male,4.2,0,0,13.0
150,151,2,male,5.1,0,0,12.525
151,152,1,female,2.2,1,0,66.6
152,153,3,male,5.5,0,0,8.05
153,154,3,male,4.0,0,2,14.5
154,155,3,male,2.9,0,0,7.3125
155,156,1,male,5.1,0,1,61.3792
156,157,3,female,1.6,0,0,7.7333
157,158,3,male,3.0,0,0,8.05
158,159,3,male,2.9,0,0,8.6625
159,160,3,male,2.9,8,2,69.55
160,161,3,male,4.4,0,1,16.1
161,162,2,female,4.0,0,0,15.75
162,163,3,male,2.6,0,0,7.775
163,164,3,male,1.7,0,0,8.6625
164,165,3,male,0.1,4,1,39.6875
165,166,3,male,0.9,0,2,20.525
166,167,1,female,2.9,0,1,55.0
167,168,3,female,4.5,1,4,27.9
168,169,1,male,2.9,0,0,25.925
169,170,3,male,2.8,0,0,56.4958
170,171,1,male,6.1,0,0,33.5
171,172,3,male,0.4,4,1,29.125
172,173,3,female,0.1,1,1,11.1333
173,174,3,male,2.1,0,0,7.925
174,175,1,male,5.6,0,0,30.6958
175,176,3,male,1.8,1,1,7.8542
176,177,3,male,2.9,3,1,25.4667
177,178,1,female,5.0,0,0,28.7125
178,179,2,male,3.0,0,0,13.0
179,180,3,male,3.6,0,0,0.0
180,181,3,female,2.9,8,2,69.55
181,182,2,male,2.9,0,0,15.05
182,183,3,male,0.9,4,2,31.3875
183,184,2,male,0.1,2,1,39.0
184,185,3,female,0.4,0,2,22.025
185,186,1,male,2.9,0,0,50.0
186,187,3,female,2.9,1,0,15.5
187,188,1,male,4.5,0,0,26.55
188,189,3,male,4.0,1,1,15.5
189,190,3,male,3.6,0,0,7.8958
190,191,2,female,3.2,0,0,13.0
191,192,2,male,1.9,0,0,13.0
192,193,3,female,1.9,1,0,7.8542
193,194,2,male,0.3,1,1,26.0
194,195,1,female,4.4,0,0,27.7208
195,196,1,female,5.8,0,0,146.5208
196,197,3,male,2.9,0,0,7.75
197,198,3,male,4.2,0,1,8.4042
198,199,3,female,2.9,0,0,7.75
199,200,2,female,2.4,0,0,13.0
200,201,3,male,2.8,0,0,9.5
201,202,3,male,2.9,8,2,69.55
202,203,3,male,3.4,0,0,6.4958
203,204,3,male,4.5,0,0,7.225
204,205,3,male,1.8,0,0,8.05
205,206,3,female,0.2,0,1,10.4625
206,207,3,male,3.2,1,0,15.85
207,208,3,male,2.6,0,0,18.7875
208,209,3,female,1.6,0,0,7.75
209,210,1,male,4.0,0,0,31.0
210,211,3,male,2.4,0,0,7.05
211,212,2,female,3.5,0,0,21.0
212,213,3,male,2.2,0,0,7.25
213,214,2,male,3.0,0,0,13.0
214,215,3,male,2.9,1,0,7.75
215,216,1,female,3.1,1,0,113.275
216,217,3,female,2.7,0,0,7.925
217,218,2,male,4.2,1,0,27.0
218,219,1,female,3.2,0,0,76.2917
219,220,2,male,3.0,0,0,10.5
220,221,3,male,1.6,0,0,8.05
221,222,2,male,2.7,0,0,13.0
222,223,3,male,5.1,0,0,8.05
223,224,3,male,2.9,0,0,7.8958
224,225,1,male,3.8,1,0,90.0
225,226,3,male,2.2,0,0,9.35
226,227,2,male,1.9,0,0,10.5
227,228,3,male,2.0,0,0,7.25
228,229,2,male,1.8,0,0,13.0
229,230,3,female,2.9,3,1,25.4667
230,231,1,female,3.5,1,0,83.475
231,232,3,male,2.9,0,0,7.775
232,233,2,male,5.9,0,0,13.5
233,234,3,female,0.5,4,2,31.3875
234,235,2,male,2.4,0,0,10.5
235,236,3,female,2.9,0,0,7.55
236,237,2,male,4.4,1,0,26.0
237,238,2,female,0.8,0,2,26.25
238,239,2,male,1.9,0,0,10.5
239,240,2,male,3.3,0,0,12.275
240,241,3,female,2.9,1,0,14.4542
241,242,3,female,2.9,1,0,15.5
242,243,2,male,2.9,0,0,10.5
243,244,3,male,2.2,0,0,7.125
244,245,3,male,3.0,0,0,7.225
245,246,1,male,4.4,2,0,90.0
246,247,3,female,2.5,0,0,7.775
247,248,2,female,2.4,0,2,14.5
248,249,1,male,3.7,1,1,52.5542
249,250,2,male,5.4,1,0,26.0
250,251,3,male,2.9,0,0,7.25
251,252,3,female,2.9,1,1,10.4625
252,253,1,male,6.2,0,0,26.55
253,254,3,male,3.0,1,0,16.1
254,255,3,female,4.1,0,2,20.2125
255,256,3,female,2.9,0,2,15.2458
256,257,1,female,2.9,0,0,79.2
257,258,1,female,3.0,0,0,86.5
258,259,1,female,3.5,0,0,512.3292
259,260,2,female,5.0,0,1,26.0
260,261,3,male,2.9,0,0,7.75
261,262,3,male,0.3,4,2,31.3875
262,263,1,male,5.2,1,1,79.65
263,264,1,male,4.0,0,0,0.0
264,265,3,female,2.9,0,0,7.75
265,266,2,male,3.6,0,0,10.5
266,267,3,male,1.6,4,1,39.6875
267,268,3,male,2.5,1,0,7.775
268,269,1,female,5.8,0,1,153.4625
269,270,1,female,3.5,0,0,135.6333
270,271,1,male,2.9,0,0,31.0
271,272,3,male,2.5,0,0,0.0
272,273,2,female,4.1,0,1,19.5
273,274,1,male,3.7,0,1,29.7
274,275,3,female,2.9,0,0,7.75
275,276,1,female,6.3,1,0,77.9583
276,277,3,female,4.5,0,0,7.75
277,278,2,male,2.9,0,0,0.0
278,279,3,male,0.7,4,1,29.125
279,280,3,female,3.5,1,1,20.25
280,281,3,male,6.5,0,0,7.75
281,282,3,male,2.8,0,0,7.8542
282,283,3,male,1.6,0,0,9.5
283,284,3,male,1.9,0,0,8.05
284,285,1,male,2.9,0,0,26.0
285,286,3,male,3.3,0,0,8.6625
286,287,3,male,3.0,0,0,9.5
287,288,3,male,2.2,0,0,7.8958
288,289,2,male,4.2,0,0,13.0
289,290,3,female,2.2,0,0,7.75
290,291,1,female,2.6,0,0,78.85
291,292,1,female,1.9,1,0,91.0792
292,293,2,male,3.6,0,0,12.875
293,294,3,female,2.4,0,0,8.85
294,295,3,male,2.4,0,0,7.8958
295,296,1,male,2.9,0,0,27.7208
296,297,3,male,2.3,0,0,7.2292
297,298,1,female,0.2,1,2,151.55
298,299,1,male,2.9,0,0,30.5
299,300,1,female,5.0,0,1,247.5208
300,301,3,female,2.9,0,0,7.75
301,302,3,male,2.9,2,0,23.25
302,303,3,male,1.9,0,0,0.0
303,304,2,female,2.9,0,0,12.35
304,305,3,male,2.9,0,0,8.05
305,306,1,male,0.0,1,2,151.55
306,307,1,female,2.9,0,0,110.8833
307,308,1,female,1.7,1,0,108.9
308,309,2,male,3.0,1,0,24.0
309,310,1,female,3.0,0,0,56.9292
310,311,1,female,2.4,0,0,83.1583
311,312,1,female,1.8,2,2,262.375
312,313,2,female,2.6,1,1,26.0
313,314,3,male,2.8,0,0,7.8958
314,315,2,male,4.3,1,1,26.25
315,316,3,female,2.6,0,0,7.8542
316,317,2,female,2.4,1,0,26.0
317,318,2,male,5.4,0,0,14.0
318,319,1,female,3.1,0,2,164.8667
319,320,1,female,4.0,1,1,134.5
320,321,3,male,2.2,0,0,7.25
321,322,3,male,2.7,0,0,7.8958
322,323,2,female,3.0,0,0,12.35
323,324,2,female,2.2,1,1,29.0
324,325,3,male,2.9,8,2,69.55
325,326,1,female,3.6,0,0,135.6333
326,327,3,male,6.1,0,0,6.2375
327,328,2,female,3.6,0,0,13.0
328,329,3,female,3.1,1,1,20.525
329,330,1,female,1.6,0,1,57.9792
330,331,3,female,2.9,2,0,23.25
331,332,1,male,4.5,0,0,28.5
332,333,1,male,3.8,0,1,153.4625
333,334,3,male,1.6,2,0,18.0
334,335,1,female,2.9,1,0,133.65
335,336,3,male,2.9,0,0,7.8958
336,337,1,male,2.9,1,0,66.6
337,338,1,female,4.1,0,0,134.5
338,339,3,male,4.5,0,0,8.05
339,340,1,male,4.5,0,0,35.5
340,341,2,male,0.2,1,1,26.0
341,342,1,female,2.4,3,2,263.0
342,343,2,male,2.8,0,0,13.0
343,344,2,male,2.5,0,0,13.0
344,345,2,male,3.6,0,0,13.0
345,346,2,female,2.4,0,0,13.0
346,347,2,female,4.0,0,0,13.0
347,348,3,female,2.9,1,0,16.1
348,349,3,male,0.3,1,1,15.9
349,350,3,male,4.2,0,0,8.6625
350,351,3,male,2.3,0,0,9.225
351,352,1,male,2.9,0,0,35.0
352,353,3,male,1.5,1,1,7.2292
353,354,3,male,2.5,1,0,17.8
354,355,3,male,2.9,0,0,7.225
355,356,3,male,2.8,0,0,9.5
356,357,1,female,2.2,0,1,55.0
357,358,2,female,3.8,0,0,13.0
358,359,3,female,2.9,0,0,7.8792
359,360,3,female,2.9,0,0,7.8792
360,361,3,male,4.0,1,4,27.9
361,362,2,male,2.9,1,0,27.7208
362,363,3,female,4.5,0,1,14.4542
363,364,3,male,3.5,0,0,7.05
364,365,3,male,2.9,1,0,15.5
365,366,3,male,3.0,0,0,7.25
366,367,1,female,6.0,1,0,75.25
367,368,3,female,2.9,0,0,7.2292
368,369,3,female,2.9,0,0,7.75
369,370,1,female,2.4,0,0,69.3
370,371,1,male,2.5,1,0,55.4417
371,372,3,male,1.8,1,0,6.4958
372,373,3,male,1.9,0,0,8.05
373,374,1,male,2.2,0,0,135.6333
374,375,3,female,0.3,3,1,21.075
375,376,1,female,2.9,1,0,82.1708
376,377,3,female,2.2,0,0,7.25
377,378,1,male,2.7,0,2,211.5
378,379,3,male,2.0,0,0,4.0125
379,380,3,male,1.9,0,0,7.775
380,381,1,female,4.2,0,0,227.525
381,382,3,female,0.1,0,2,15.7417
382,383,3,male,3.2,0,0,7.925
383,384,1,female,3.5,1,0,52.0
384,385,3,male,2.9,0,0,7.8958
385,386,2,male,1.8,0,0,73.5
386,387,3,male,0.1,5,2,46.9
387,388,2,female,3.6,0,0,13.0
388,389,3,male,2.9,0,0,7.7292
389,390,2,female,1.7,0,0,12.0
390,391,1,male,3.6,1,2,120.0
391,392,3,male,2.1,0,0,7.7958
392,393,3,male,2.8,2,0,7.925
393,394,1,female,2.3,1,0,113.275
394,395,3,female,2.4,0,2,16.7
395,396,3,male,2.2,0,0,7.7958
396,397,3,female,3.1,0,0,7.8542
397,398,2,male,4.6,0,0,26.0
398,399,2,male,2.3,0,0,10.5
399,400,2,female,2.8,0,0,12.65
400,401,3,male,3.9,0,0,7.925
401,402,3,male,2.6,0,0,8.05
402,403,3,female,2.1,1,0,9.825
403,404,3,male,2.8,1,0,15.85
404,405,3,female,2.0,0,0,8.6625
405,406,2,male,3.4,1,0,21.0
406,407,3,male,5.1,0,0,7.75
407,408,2,male,0.3,1,1,18.75
408,409,3,male,2.1,0,0,7.775
409,410,3,female,2.9,3,1,25.4667
410,411,3,male,2.9,0,0,7.8958
411,412,3,male,2.9,0,0,6.8583
412,413,1,female,3.3,1,0,90.0
413,414,2,male,2.9,0,0,0.0
414,415,3,male,4.4,0,0,7.925
415,416,3,female,2.9,0,0,8.05
416,417,2,female,3.4,1,1,32.5
417,418,2,female,1.8,0,2,13.0
418,419,2,male,3.0,0,0,13.0
419,420,3,female,1.0,0,2,24.15
420,421,3,male,2.9,0,0,7.8958
421,422,3,male,2.1,0,0,7.7333
422,423,3,male,2.9,0,0,7.875
423,424,3,female,2.8,1,1,14.4
424,425,3,male,1.8,1,1,20.2125
425,426,3,male,2.9,0,0,7.25
426,427,2,female,2.8,1,0,26.0
427,428,2,female,1.9,0,0,26.0
428,429,3,male,2.9,0,0,7.75
429,430,3,male,3.2,0,0,8.05
430,431,1,male,2.8,0,0,26.55
431,432,3,female,2.9,1,0,16.1
432,433,2,female,4.2,1,0,26.0
433,434,3,male,1.7,0,0,7.125
434,435,1,male,5.0,1,0,55.9
435,436,1,female,1.4,1,2,120.0
436,437,3,female,2.1,2,2,34.375
437,438,2,female,2.4,2,3,18.75
438,439,1,male,6.4,1,4,263.0
439,440,2,male,3.1,0,0,10.5
440,441,2,female,4.5,1,1,26.25
441,442,3,male,2.0,0,0,9.5
442,443,3,male,2.5,1,0,7.775
443,444,2,female,2.8,0,0,13.0
444,445,3,male,2.9,0,0,8.1125
445,446,1,male,0.4,0,2,81.8583
446,447,2,female,1.3,0,1,19.5
447,448,1,male,3.4,0,0,26.55
448,449,3,female,0.5,2,1,19.2583
449,450,1,male,5.2,0,0,30.5
450,451,2,male,3.6,1,2,27.75
451,452,3,male,2.9,1,0,19.9667
452,453,1,male,3.0,0,0,27.75
453,454,1,male,4.9,1,0,89.1042
454,455,3,male,2.9,0,0,8.05
455,456,3,male,2.9,0,0,7.8958
456,457,1,male,6.5,0,0,26.55
457,458,1,female,2.9,1,0,51.8625
458,459,2,female,5.0,0,0,10.5
459,460,3,male,2.9,0,0,7.75
460,461,1,male,4.8,0,0,26.55
461,462,3,male,3.4,0,0,8.05
462,463,1,male,4.7,0,0,38.5
463,464,2,male,4.8,0,0,13.0
464,465,3,male,2.9,0,0,8.05
465,466,3,male,3.8,0,0,7.05
466,467,2,male,2.9,0,0,0.0
467,468,1,male,5.6,0,0,26.55
468,469,3,male,2.9,0,0,7.725
469,470,3,female,0.0,2,1,19.2583
470,471,3,male,2.9,0,0,7.25
471,472,3,male,3.8,0,0,8.6625
472,473,2,female,3.3,1,2,27.75
473,474,2,female,2.3,0,0,13.7917
474,475,3,female,2.2,0,0,9.8375
475,476,1,male,2.9,0,0,52.0
476,477,2,male,3.4,1,0,21.0
477,478,3,male,2.9,1,0,7.0458
478,479,3,male,2.2,0,0,7.5208
479,480,3,female,0.2,0,1,12.2875
480,481,3,male,0.9,5,2,46.9
481,482,2,male,2.9,0,0,0.0
482,483,3,male,5.0,0,0,8.05
483,484,3,female,6.3,0,0,9.5875
484,485,1,male,2.5,1,0,91.0792
485,486,3,female,2.9,3,1,25.4667
486,487,1,female,3.5,1,0,90.0
487,488,1,male,5.8,0,0,29.7
488,489,3,male,3.0,0,0,8.05
489,490,3,male,0.9,1,1,15.9
490,491,3,male,2.9,1,0,19.9667
491,492,3,male,2.1,0,0,7.25
492,493,1,male,5.5,0,0,30.5
493,494,1,male,7.1,0,0,49.5042
494,495,3,male,2.1,0,0,8.05
495,496,3,male,2.9,0,0,14.4583
496,497,1,female,5.4,1,0,78.2667
497,498,3,male,2.9,0,0,15.1
498,499,1,female,2.5,1,2,151.55
499,500,3,male,2.4,0,0,7.7958
500,501,3,male,1.7,0,0,8.6625
501,502,3,female,2.1,0,0,7.75
502,503,3,female,2.9,0,0,7.6292
503,504,3,female,3.7,0,0,9.5875
504,505,1,female,1.6,0,0,86.5
505,506,1,male,1.8,1,0,108.9
506,507,2,female,3.3,0,2,26.0
507,508,1,male,2.9,0,0,26.55
508,509,3,male,2.8,0,0,22.525
509,510,3,male,2.6,0,0,56.4958
510,511,3,male,2.9,0,0,7.75
511,512,3,male,2.9,0,0,8.05
512,513,1,male,3.6,0,0,26.2875
513,514,1,female,5.4,1,0,59.4
514,515,3,male,2.4,0,0,7.4958
515,516,1,male,4.7,0,0,34.0208
516,517,2,female,3.4,0,0,10.5
517,518,3,male,2.9,0,0,24.15
518,519,2,female,3.6,1,0,26.0
519,520,3,male,3.2,0,0,7.8958
520,521,1,female,3.0,0,0,93.5
521,522,3,male,2.2,0,0,7.8958
522,523,3,male,2.9,0,0,7.225
523,524,1,female,4.4,0,1,57.9792
524,525,3,male,2.9,0,0,7.2292
525,526,3,male,4.0,0,0,7.75
526,527,2,female,5.0,0,0,10.5
527,528,1,male,2.9,0,0,221.7792
528,529,3,male,3.9,0,0,7.925
529,530,2,male,2.3,2,1,11.5
530,531,2,female,0.2,1,1,26.0
531,532,3,male,2.9,0,0,7.2292
532,533,3,male,1.7,1,1,7.2292
533,534,3,female,2.9,0,2,22.3583
534,535,3,female,3.0,0,0,8.6625
535,536,2,female,0.7,0,2,26.25
536,537,1,male,4.5,0,0,26.55
537,538,1,female,3.0,0,0,106.425
538,539,3,male,2.9,0,0,14.5
539,540,1,female,2.2,0,2,49.5
540,541,1,female,3.6,0,2,71.0
541,542,3,female,0.9,4,2,31.275
542,543,3,female,1.1,4,2,31.275
543,544,2,male,3.2,1,0,26.0
544,545,1,male,5.0,1,0,106.425
545,546,1,male,6.4,0,0,26.0
546,547,2,female,1.9,1,0,26.0
547,548,2,male,2.9,0,0,13.8625
548,549,3,male,3.3,1,1,20.525
549,550,2,male,0.8,1,1,36.75
550,551,1,male,1.7,0,2,110.8833
551,552,2,male,2.7,0,0,26.0
552,553,3,male,2.9,0,0,7.8292
553,554,3,male,2.2,0,0,7.225
554,555,3,female,2.2,0,0,7.775
555,556,1,male,6.2,0,0,26.55
556,557,1,female,4.8,1,0,39.6
557,558,1,male,2.9,0,0,227.525
558,559,1,female,3.9,1,1,79.65
559,560,3,female,3.6,1,0,17.4
560,561,3,male,2.9,0,0,7.75
561,562,3,male,4.0,0,0,7.8958
562,563,2,male,2.8,0,0,13.5
563,564,3,male,2.9,0,0,8.05
564,565,3,female,2.9,0,0,8.05
565,566,3,male,2.4,2,0,24.15
566,567,3,male,1.9,0,0,7.8958
567,568,3,female,2.9,0,4,21.075
568,569,3,male,2.9,0,0,7.2292
569,570,3,male,3.2,0,0,7.8542
570,571,2,male,6.2,0,0,10.5
571,572,1,female,5.3,2,0,51.4792
572,573,1,male,3.6,0,0,26.3875
573,574,3,female,2.9,0,0,7.75
574,575,3,male,1.6,0,0,8.05
575,576,3,male,1.9,0,0,14.5
576,577,2,female,3.4,0,0,13.0
577,578,1,female,3.9,1,0,55.9
578,579,3,female,2.9,1,0,14.4583
579,580,3,male,3.2,0,0,7.925
580,581,2,female,2.5,1,1,30.0
581,582,1,female,3.9,1,1,110.8833
582,583,2,male,5.4,0,0,26.0
583,584,1,male,3.6,0,0,40.125
584,585,3,male,2.9,0,0,8.7125
585,586,1,female,1.8,0,2,79.65
586,587,2,male,4.7,0,0,15.0
587,588,1,male,6.0,1,1,79.2
588,589,3,male,2.2,0,0,8.05
589,590,3,male,2.9,0,0,8.05
590,591,3,male,3.5,0,0,7.125
591,592,1,female,5.2,1,0,78.2667
592,593,3,male,4.7,0,0,7.25
593,594,3,female,2.9,0,2,7.75
594,595,2,male,3.7,1,0,26.0
595,596,3,male,3.6,1,1,24.15
596,597,2,female,2.9,0,0,33.0
597,598,3,male,4.9,0,0,0.0
598,599,3,male,2.9,0,0,7.225
599,600,1,male,4.9,1,0,56.9292
600,601,2,female,2.4,2,1,27.0
601,602,3,male,2.9,0,0,7.8958
602,603,1,male,2.9,0,0,42.4
603,604,3,male,4.4,0,0,8.05
604,605,1,male,3.5,0,0,26.55
605,606,3,male,3.6,1,0,15.55
606,607,3,male,3.0,0,0,7.8958
607,608,1,male,2.7,0,0,30.5
608,609,2,female,2.2,1,2,41.5792
609,610,1,female,4.0,0,0,153.4625
610,611,3,female,3.9,1,5,31.275
611,612,3,male,2.9,0,0,7.05
612,613,3,female,2.9,1,0,15.5
613,614,3,male,2.9,0,0,7.75
614,615,3,male,3.5,0,0,8.05
615,616,2,female,2.4,1,2,65.0
616,617,3,male,3.4,1,1,14.4
617,618,3,female,2.6,1,0,16.1
618,619,2,female,0.4,2,1,39.0
619,620,2,male,2.6,0,0,10.5
620,621,3,male,2.7,1,0,14.4542
621,622,1,male,4.2,1,0,52.5542
622,623,3,male,2.0,1,1,15.7417
623,624,3,male,2.1,0,0,7.8542
624,625,3,male,2.1,0,0,16.1
625,626,1,male,6.1,0,0,32.3208
626,627,2,male,5.7,0,0,12.35
627,628,1,female,2.1,0,0,77.9583
628,629,3,male,2.6,0,0,7.8958
629,630,3,male,2.9,0,0,7.7333
630,631,1,male,8.0,0,0,30.0
631,632,3,male,5.1,0,0,7.0542
632,633,1,male,3.2,0,0,30.5
633,634,1,male,2.9,0,0,0.0
634,635,3,female,0.9,3,2,27.9
635,636,2,female,2.8,0,0,13.0
636,637,3,male,3.2,0,0,7.925
637,638,2,male,3.1,1,1,26.25
638,639,3,female,4.1,0,5,39.6875
639,640,3,male,2.9,1,0,16.1
640,641,3,male,2.0,0,0,7.8542
641,642,1,female,2.4,0,0,69.3
642,643,3,female,0.2,3,2,27.9
643,644,3,male,2.9,0,0,56.4958
644,645,3,female,0.0,2,1,19.2583
645,646,1,male,4.8,1,0,76.7292
646,647,3,male,1.9,0,0,7.8958
647,648,1,male,5.6,0,0,35.5
648,649,3,male,2.9,0,0,7.55
649,650,3,female,2.3,0,0,7.55
650,651,3,male,2.9,0,0,7.8958
651,652,2,female,1.8,0,1,23.0
652,653,3,male,2.1,0,0,8.4333
653,654,3,female,2.9,0,0,7.8292
654,655,3,female,1.8,0,0,6.75
655,656,2,male,2.4,2,0,73.5
656,657,3,male,2.9,0,0,7.8958
657,658,3,female,3.2,1,1,15.5
658,659,2,male,2.3,0,0,13.0
659,660,1,male,5.8,0,2,113.275
660,661,1,male,5.0,2,0,133.65
661,662,3,male,4.0,0,0,7.225
662,663,1,male,4.7,0,0,25.5875
663,664,3,male,3.6,0,0,7.4958
664,665,3,male,2.0,1,0,7.925
665,666,2,male,3.2,2,0,73.5
666,667,2,male,2.5,0,0,13.0
667,668,3,male,2.9,0,0,7.775
668,669,3,male,4.3,0,0,8.05
669,670,1,female,2.9,1,0,52.0
670,671,2,female,4.0,1,1,39.0
671,672,1,male,3.1,1,0,52.0
672,673,2,male,7.0,0,0,10.5
673,674,2,male,3.1,0,0,13.0
674,675,2,male,2.9,0,0,0.0
675,676,3,male,1.8,0,0,7.775
676,677,3,male,2.4,0,0,8.05
677,678,3,female,1.8,0,0,9.8417
678,679,3,female,4.3,1,6,46.9
679,680,1,male,3.6,0,1,512.3292
680,681,3,female,2.9,0,0,8.1375
681,682,1,male,2.7,0,0,76.7292
682,683,3,male,2.0,0,0,9.225
683,684,3,male,1.4,5,2,46.9
684,685,2,male,6.0,1,1,39.0
685,686,2,male,2.5,1,2,41.5792
686,687,3,male,1.4,4,1,39.6875
687,688,3,male,1.9,0,0,10.1708
688,689,3,male,1.8,0,0,7.7958
689,690,1,female,1.5,0,1,211.3375
690,691,1,male,3.1,1,0,57.0
691,692,3,female,0.4,0,1,13.4167
692,693,3,male,2.9,0,0,56.4958
693,694,3,male,2.5,0,0,7.225
694,695,1,male,6.0,0,0,26.55
695,696,2,male,5.2,0,0,13.5
696,697,3,male,4.4,0,0,8.05
697,698,3,female,2.9,0,0,7.7333
698,699,1,male,4.9,1,1,110.8833
699,700,3,male,4.2,0,0,7.65
700,701,1,female,1.8,1,0,227.525
701,702,1,male,3.5,0,0,26.2875
702,703,3,female,1.8,0,1,14.4542
703,704,3,male,2.5,0,0,7.7417
704,705,3,male,2.6,1,0,7.8542
705,706,2,male,3.9,0,0,26.0
706,707,2,female,4.5,0,0,13.5
707,708,1,male,4.2,0,0,26.2875
708,709,1,female,2.2,0,0,151.55
709,710,3,male,2.9,1,1,15.2458
710,711,1,female,2.4,0,0,49.5042
711,712,1,male,2.9,0,0,26.55
712,713,1,male,4.8,1,0,52.0
713,714,3,male,2.9,0,0,9.4833
714,715,2,male,5.2,0,0,13.0
715,716,3,male,1.9,0,0,7.65
716,717,1,female,3.8,0,0,227.525
717,718,2,female,2.7,0,0,10.5
718,719,3,male,2.9,0,0,15.5
719,720,3,male,3.3,0,0,7.775
720,721,2,female,0.6,0,1,33.0
721,722,3,male,1.7,1,0,7.0542
722,723,2,male,3.4,0,0,13.0
723,724,2,male,5.0,0,0,13.0
724,725,1,male,2.7,1,0,53.1
725,726,3,male,2.0,0,0,8.6625
726,727,2,female,3.0,3,0,21.0
727,728,3,female,2.9,0,0,7.7375
728,729,2,male,2.5,1,0,26.0
729,730,3,female,2.5,1,0,7.925
730,731,1,female,2.9,0,0,211.3375
731,732,3,male,1.1,0,0,18.7875
732,733,2,male,2.9,0,0,0.0
733,734,2,male,2.3,0,0,13.0
734,735,2,male,2.3,0,0,13.0
735,736,3,male,2.8,0,0,16.1
736,737,3,female,4.8,1,3,34.375
737,738,1,male,3.5,0,0,512.3292
738,739,3,male,2.9,0,0,7.8958
739,740,3,male,2.9,0,0,7.8958
740,741,1,male,2.9,0,0,30.0
741,742,1,male,3.6,1,0,78.85
742,743,1,female,2.1,2,2,262.375
743,744,3,male,2.4,1,0,16.1
744,745,3,male,3.1,0,0,7.925
745,746,1,male,7.0,1,1,71.0
746,747,3,male,1.6,1,1,20.25
747,748,2,female,3.0,0,0,13.0
748,749,1,male,1.9,1,0,53.1
749,750,3,male,3.1,0,0,7.75
750,751,2,female,0.4,1,1,23.0
751,752,3,male,0.6,0,1,12.475
752,753,3,male,3.3,0,0,9.5
753,754,3,male,2.3,0,0,7.8958
754,755,2,female,4.8,1,2,65.0
755,756,2,male,0.0,1,1,14.5
756,757,3,male,2.8,0,0,7.7958
757,758,2,male,1.8,0,0,11.5
758,759,3,male,3.4,0,0,8.05
759,760,1,female,3.3,0,0,86.5
760,761,3,male,2.9,0,0,14.5
761,762,3,male,4.1,0,0,7.125
762,763,3,male,2.0,0,0,7.2292
763,764,1,female,3.6,1,2,120.0
764,765,3,male,1.6,0,0,7.775
765,766,1,female,5.1,1,0,77.9583
766,767,1,male,2.9,0,0,39.6
767,768,3,female,3.0,0,0,7.75
768,769,3,male,2.9,1,0,24.15
769,770,3,male,3.2,0,0,8.3625
770,771,3,male,2.4,0,0,9.5
771,772,3,male,4.8,0,0,7.8542
772,773,2,female,5.7,0,0,10.5
773,774,3,male,2.9,0,0,7.225
774,775,2,female,5.4,1,3,23.0
775,776,3,male,1.8,0,0,7.75
776,777,3,male,2.9,0,0,7.75
777,778,3,female,0.5,0,0,12.475
778,779,3,male,2.9,0,0,7.7375
779,780,1,female,4.3,0,1,211.3375
780,781,3,female,1.3,0,0,7.2292
781,782,1,female,1.7,1,0,57.0
782,783,1,male,2.9,0,0,30.0
783,784,3,male,2.9,1,2,23.45
784,785,3,male,2.5,0,0,7.05
785,786,3,male,2.5,0,0,7.25
786,787,3,female,1.8,0,0,7.4958
787,788,3,male,0.8,4,1,29.125
788,789,3,male,0.1,1,2,20.575
789,790,1,male,4.6,0,0,79.2
790,791,3,male,2.9,0,0,7.75
791,792,2,male,1.6,0,0,26.0
792,793,3,female,2.9,8,2,69.55
793,794,1,male,2.9,0,0,30.6958
794,795,3,male,2.5,0,0,7.8958
795,796,2,male,3.9,0,0,13.0
796,797,1,female,4.9,0,0,25.9292
797,798,3,female,3.1,0,0,8.6833
798,799,3,male,3.0,0,0,7.2292
799,800,3,female,3.0,1,1,24.15
800,801,2,male,3.4,0,0,13.0
801,802,2,female,3.1,1,1,26.25
802,803,1,male,1.1,1,2,120.0
803,804,3,male,0.0,0,1,8.5167
804,805,3,male,2.7,0,0,6.975
805,806,3,male,3.1,0,0,7.775
806,807,1,male,3.9,0,0,0.0
807,808,3,female,1.8,0,0,7.775
808,809,2,male,3.9,0,0,13.0
809,810,1,female,3.3,1,0,53.1
810,811,3,male,2.6,0,0,7.8875
811,812,3,male,3.9,0,0,24.15
812,813,2,male,3.5,0,0,10.5
813,814,3,female,0.6,4,2,31.275
814,815,3,male,3.0,0,0,8.05
815,816,1,male,2.9,0,0,0.0
816,817,3,female,2.3,0,0,7.925
817,818,2,male,3.1,1,1,37.0042
818,819,3,male,4.3,0,0,6.45
819,820,3,male,1.0,3,2,27.9
820,821,1,female,5.2,1,1,93.5
821,822,3,male,2.7,0,0,8.6625
822,823,1,male,3.8,0,0,0.0
823,824,3,female,2.7,0,1,12.475
824,825,3,male,0.2,4,1,39.6875
825,826,3,male,2.9,0,0,6.95
826,827,3,male,2.9,0,0,56.4958
827,828,2,male,0.1,0,2,37.0042
828,829,3,male,2.9,0,0,7.75
829,830,1,female,6.2,0,0,80.0
830,831,3,female,1.5,1,0,14.4542
831,832,2,male,0.0,1,1,18.75
832,833,3,male,2.9,0,0,7.2292
833,834,3,male,2.3,0,0,7.8542
834,835,3,male,1.8,0,0,8.3
835,836,1,female,3.9,1,1,83.1583
836,837,3,male,2.1,0,0,8.6625
837,838,3,male,2.9,0,0,8.05
838,839,3,male,3.2,0,0,56.4958
839,840,1,male,2.9,0,0,29.7
840,841,3,male,2.0,0,0,7.925
841,842,2,male,1.6,0,0,10.5
842,843,1,female,3.0,0,0,31.0
843,844,3,male,3.4,0,0,6.4375
844,845,3,male,1.7,0,0,8.6625
845,846,3,male,4.2,0,0,7.55
846,847,3,male,2.9,8,2,69.55
847,848,3,male,3.5,0,0,7.8958
848,849,2,male,2.8,0,1,33.0
849,850,1,female,2.9,1,0,89.1042
850,851,3,male,0.4,4,2,31.275
851,852,3,male,7.4,0,0,7.775
852,853,3,female,0.9,1,1,15.2458
853,854,1,female,1.6,0,1,39.4
854,855,2,female,4.4,1,0,26.0
855,856,3,female,1.8,0,1,9.35
856,857,1,female,4.5,1,1,164.8667
857,858,1,male,5.1,0,0,26.55
858,859,3,female,2.4,0,3,19.2583
859,860,3,male,2.9,0,0,7.2292
860,861,3,male,4.1,2,0,14.1083
861,862,2,male,2.1,1,0,11.5
862,863,1,female,4.8,0,0,25.9292
863,864,3,female,2.9,8,2,69.55
864,865,2,male,2.4,0,0,13.0
865,866,2,female,4.2,0,0,13.0
866,867,2,female,2.7,1,0,13.8583
867,868,1,male,3.1,0,0,50.4958
868,869,3,male,2.9,0,0,9.5
869,870,3,male,0.4,1,1,11.1333
870,871,3,male,2.6,0,0,7.8958
871,872,1,female,4.7,1,1,52.5542
872,873,1,male,3.3,0,0,5.0
873,874,3,male,4.7,0,0,9.0
874,875,2,female,2.8,1,0,24.0
875,876,3,female,1.5,0,0,7.225
876,877,3,male,2.0,0,0,9.8458
877,878,3,male,1.9,0,0,7.8958
878,879,3,male,2.9,0,0,7.8958
879,880,1,female,5.6,0,1,83.1583
880,881,2,female,2.5,0,1,26.0
881,882,3,male,3.3,0,0,7.8958
882,883,3,female,2.2,0,0,10.5167
883,884,2,male,2.8,0,0,10.5
884,885,3,male,2.5,0,0,7.05
885,886,3,female,3.9,0,5,29.125
886,887,2,male,2.7,0,0,13.0
887,888,1,female,1.9,0,0,30.0
888,889,3,female,2.9,1,2,23.45
889,890,1,male,2.6,0,0,30.0
890,891,3,male,3.2,0,0,7.75
891,892,3,male,3.4,0,0,7.8292
892,893,3,female,4.7,1,0,7.0
893,894,2,male,6.2,0,0,9.6875
894,895,3,male,2.7,0,0,8.6625
895,896,3,female,2.2,1,1,12.2875
896,897,3,male,1.4,0,0,9.225
897,898,3,female,3.0,0,0,7.6292
898,899,2,male,2.6,1,1,29.0
899,900,3,female,1.8,0,0,7.2292
900,901,3,male,2.1,2,0,24.15
901,902,3,male,2.9,0,0,7.8958
902,903,1,male,4.6,0,0,26.0
903,904,1,female,2.3,1,0,82.2667
904,905,2,male,6.3,1,0,26.0
905,906,1,female,4.7,1,0,61.175
906,907,2,female,2.4,1,0,27.7208
907,908,2,male,3.5,0,0,12.35
908,909,3,male,2.1,0,0,7.225
909,910,3,female,2.7,1,0,7.925
910,911,3,female,4.5,0,0,7.225
911,912,1,male,5.5,1,0,59.4
912,913,3,male,0.9,0,1,3.1708
913,914,1,female,2.9,0,0,31.6833
914,915,1,male,2.1,0,1,61.3792
915,916,1,female,4.8,1,3,262.375
916,917,3,male,5.0,1,0,14.5
917,918,1,female,2.2,0,1,61.9792
918,919,3,male,2.2,0,0,7.225
919,920,1,male,4.1,0,0,30.5
920,921,3,male,2.9,2,0,21.6792
921,922,2,male,5.0,1,0,26.0
922,923,2,male,2.4,2,0,31.5
923,924,3,female,3.3,1,2,20.575
924,925,3,female,2.9,1,2,23.45
925,926,1,male,3.0,1,0,57.75
926,927,3,male,1.8,0,0,7.2292
927,928,3,female,2.9,0,0,8.05
928,929,3,female,2.1,0,0,8.6625
929,930,3,male,2.5,0,0,9.5
930,931,3,male,2.9,0,0,56.4958
931,932,3,male,3.9,0,1,13.4167
932,933,1,male,2.9,0,0,26.55
933,934,3,male,4.1,0,0,7.85
934,935,2,female,3.0,0,0,13.0
935,936,1,female,4.5,1,0,52.5542
936,937,3,male,2.5,0,0,7.925
937,938,1,male,4.5,0,0,29.7
938,939,3,male,2.9,0,0,7.75
939,940,1,female,6.0,0,0,76.2917
940,941,3,female,3.6,0,2,15.9
941,942,1,male,2.4,1,0,60.0
942,943,2,male,2.7,0,0,15.0333
943,944,2,female,2.0,2,1,23.0
944,945,1,female,2.8,3,2,263.0
945,946,2,male,2.9,0,0,15.5792
946,947,3,male,1.0,4,1,29.125
947,948,3,male,3.5,0,0,7.8958
948,949,3,male,2.5,0,0,7.65
949,950,3,male,2.9,1,0,16.1
950,951,1,female,3.6,0,0,262.375
951,952,3,male,1.7,0,0,7.8958
952,953,2,male,3.2,0,0,13.5
953,954,3,male,1.8,0,0,7.75
954,955,3,female,2.2,0,0,7.725
955,956,1,male,1.3,2,2,262.375
956,957,2,female,2.9,0,0,21.0
957,958,3,female,1.8,0,0,7.8792
958,959,1,male,4.7,0,0,42.4
959,960,1,male,3.1,0,0,28.5375
960,961,1,female,6.0,1,4,263.0
961,962,3,female,2.4,0,0,7.75
962,963,3,male,2.1,0,0,7.8958
963,964,3,female,2.9,0,0,7.925
964,965,1,male,2.8,0,0,27.7208
965,966,1,female,3.5,0,0,211.5
966,967,1,male,3.2,0,0,211.5
967,968,3,male,2.9,0,0,8.05
968,969,1,female,5.5,2,0,25.7
969,970,2,male,3.0,0,0,13.0
970,971,3,female,2.4,0,0,7.75
971,972,3,male,0.6,1,1,15.2458
972,973,1,male,6.7,1,0,221.7792
973,974,1,male,4.9,0,0,26.0
974,975,3,male,2.9,0,0,7.8958
975,976,2,male,2.9,0,0,10.7083
976,977,3,male,2.9,1,0,14.4542
977,978,3,female,2.7,0,0,7.8792
978,979,3,female,1.8,0,0,8.05
979,980,3,female,2.9,0,0,7.75
980,981,2,male,0.2,1,1,23.0
981,982,3,female,2.2,1,0,13.9
982,983,3,male,2.9,0,0,7.775
983,984,1,female,2.7,1,2,52.0
984,985,3,male,2.9,0,0,8.05
985,986,1,male,2.5,0,0,26.0
986,987,3,male,2.5,0,0,7.7958
987,988,1,female,7.6,1,0,78.85
988,989,3,male,2.9,0,0,7.925
989,990,3,female,2.0,0,0,7.8542
990,991,3,male,3.3,0,0,8.05
991,992,1,female,4.3,1,0,55.4417
992,993,2,male,2.7,1,0,26.0
993,994,3,male,2.9,0,0,7.75
994,995,3,male,2.6,0,0,7.775
995,996,3,female,1.6,1,1,8.5167
996,997,3,male,2.8,0,0,22.525
997,998,3,male,2.1,0,0,7.8208
998,999,3,male,2.9,0,0,7.75
999,1000,3,male,2.9,0,0,8.7125
1000,1001,2,male,1.8,0,0,13.0
1001,1002,2,male,4.1,0,0,15.0458
1002,1003,3,female,2.9,0,0,7.7792
1003,1004,1,female,3.6,0,0,31.6792
1004,1005,3,female,1.8,0,0,7.2833
1005,1006,1,female,6.3,1,0,221.7792
1006,1007,3,male,1.8,1,0,14.4542
1007,1008,3,male,2.9,0,0,6.4375
1008,1009,3,female,0.1,1,1,16.7
1009,1010,1,male,3.6,0,0,75.2417
1010,1011,2,female,2.9,1,0,26.0
1011,1012,2,female,1.2,0,0,15.75
1012,1013,3,male,2.9,1,0,7.75
1013,1014,1,female,3.5,1,0,57.75
1014,1015,3,male,2.8,0,0,7.25
1015,1016,3,male,2.9,0,0,7.75
1016,1017,3,female,1.7,0,1,16.1
1017,1018,3,male,2.2,0,0,7.7958
1018,1019,3,female,2.9,2,0,23.25
1019,1020,2,male,4.2,0,0,13.0
1020,1021,3,male,2.4,0,0,8.05
1021,1022,3,male,3.2,0,0,8.05
1022,1023,1,male,5.3,0,0,28.5
1023,1024,3,female,2.9,0,4,25.4667
1024,1025,3,male,2.9,1,0,6.4375
1025,1026,3,male,4.3,0,0,7.8958
1026,1027,3,male,2.4,0,0,7.8542
1027,1028,3,male,2.6,0,0,7.225
1028,1029,2,male,2.6,0,0,13.0
1029,1030,3,female,2.3,0,0,8.05
1030,1031,3,male,4.0,1,6,46.9
1031,1032,3,female,1.0,5,2,46.9
1032,1033,1,female,3.3,0,0,151.55
1033,1034,1,male,6.1,1,3,262.375
1034,1035,2,male,2.8,0,0,26.0
1035,1036,1,male,4.2,0,0,26.55
1036,1037,3,male,3.1,3,0,18.0
1037,1038,1,male,2.9,0,0,51.8625
1038,1039,3,male,2.2,0,0,8.05
1039,1040,1,male,2.9,0,0,26.55
1040,1041,2,male,3.0,1,1,26.0
1041,1042,1,female,2.3,0,1,83.1583
1042,1043,3,male,2.9,0,0,7.8958
1043,1044,3,male,6.0,0,0,33.29547928134557
1044,1045,3,female,3.6,0,2,12.1833
1045,1046,3,male,1.3,4,2,31.3875
1046,1047,3,male,2.4,0,0,7.55
1047,1048,1,female,2.9,0,0,221.7792
1048,1049,3,female,2.3,0,0,7.8542
1049,1050,1,male,4.2,0,0,26.55
1050,1051,3,female,2.6,0,2,13.775
1051,1052,3,female,2.9,0,0,7.7333
1052,1053,3,male,0.7,1,1,15.2458
1053,1054,2,female,2.6,0,0,13.5
1054,1055,3,male,2.9,0,0,7.0
1055,1056,2,male,4.1,0,0,13.0
1056,1057,3,female,2.6,1,1,22.025
1057,1058,1,male,4.8,0,0,50.4958
1058,1059,3,male,1.8,2,2,34.375
1059,1060,1,female,2.9,0,0,27.7208
1060,1061,3,female,2.2,0,0,8.9625
1061,1062,3,male,2.9,0,0,7.55
1062,1063,3,male,2.7,0,0,7.225
1063,1064,3,male,2.3,1,0,13.9
1064,1065,3,male,2.9,0,0,7.2292
1065,1066,3,male,4.0,1,5,31.3875
1066,1067,2,female,1.5,0,2,39.0
1067,1068,2,female,2.0,0,0,36.75
1068,1069,1,male,5.4,1,0,55.4417
1069,1070,2,female,3.6,0,3,39.0
1070,1071,1,female,6.4,0,2,83.1583
1071,1072,2,male,3.0,0,0,13.0
1072,1073,1,male,3.7,1,1,83.1583
1073,1074,1,female,1.8,1,0,53.1
1074,1075,3,male,2.9,0,0,7.75
1075,1076,1,female,2.7,1,1,247.5208
1076,1077,2,male,4.0,0,0,16.0
1077,1078,2,female,2.1,0,1,21.0
1078,1079,3,male,1.7,2,0,8.05
1079,1080,3,female,2.9,8,2,69.55
1080,1081,2,male,4.0,0,0,13.0
1081,1082,2,male,3.4,1,0,26.0
1082,1083,1,male,2.9,0,0,26.0
1083,1084,3,male,1.1,1,1,14.5
1084,1085,2,male,6.1,0,0,12.35
1085,1086,2,male,0.8,0,2,32.5
1086,1087,3,male,3.3,0,0,7.8542
1087,1088,1,male,0.6,0,2,134.5
1088,1089,3,female,1.8,0,0,7.775
1089,1090,2,male,2.3,0,0,10.5
1090,1091,3,female,2.9,0,0,8.1125
1091,1092,3,female,2.9,0,0,15.5
1092,1093,3,male,0.0,0,2,14.4
1093,1094,1,male,4.7,1,0,227.525
1094,1095,2,female,0.8,1,1,26.0
1095,1096,2,male,2.5,0,0,10.5
1096,1097,1,male,2.9,0,0,25.7417
1097,1098,3,female,3.5,0,0,7.75
1098,1099,2,male,2.4,0,0,10.5
1099,1100,1,female,3.3,0,0,27.7208
1100,1101,3,male,2.5,0,0,7.8958
1101,1102,3,male,3.2,0,0,22.525
1102,1103,3,male,2.9,0,0,7.05
1103,1104,2,male,1.7,0,0,73.5
1104,1105,2,female,6.0,1,0,26.0
1105,1106,3,female,3.8,4,2,7.775
1106,1107,1,male,4.2,0,0,42.5
1107,1108,3,female,2.9,0,0,7.8792
1108,1109,1,male,5.7,1,1,164.8667
1109,1110,1,female,5.0,1,1,211.5
1110,1111,3,male,2.9,0,0,8.05
1111,1112,2,female,3.0,1,0,13.8583
1112,1113,3,male,2.1,0,0,8.05
1113,1114,2,female,2.2,0,0,10.5
1114,1115,3,male,2.1,0,0,7.7958
1115,1116,1,female,5.3,0,0,27.4458
1116,1117,3,female,2.9,0,2,15.2458
1117,1118,3,male,2.3,0,0,7.7958
1118,1119,3,female,2.9,0,0,7.75
1119,1120,3,male,4.0,0,0,15.1
1120,1121,2,male,3.6,0,0,13.0
1121,1122,2,male,1.4,0,0,65.0
1122,1123,1,female,2.1,0,0,26.55
1123,1124,3,male,2.1,1,0,6.4958
1124,1125,3,male,2.9,0,0,7.8792
1125,1126,1,male,3.9,1,0,71.2833
1126,1127,3,male,2.0,0,0,7.8542
1127,1128,1,male,6.4,1,0,75.25
1128,1129,3,male,2.0,0,0,7.225
1129,1130,2,female,1.8,1,1,13.0
1130,1131,1,female,4.8,1,0,106.425
1131,1132,1,female,5.5,0,0,27.7208
1132,1133,2,female,4.5,0,2,30.0
1133,1134,1,male,4.5,1,1,134.5
1134,1135,3,male,2.9,0,0,7.8875
1135,1136,3,male,2.9,1,2,23.45
1136,1137,1,male,4.1,1,0,51.8625
1137,1138,2,female,2.2,0,0,21.0
1138,1139,2,male,4.2,1,1,32.5
1139,1140,2,female,2.9,1,0,26.0
1140,1141,3,female,2.9,1,0,14.4542
1141,1142,2,female,0.0,1,2,27.75
1142,1143,3,male,2.0,0,0,7.925
1143,1144,1,male,2.7,1,0,136.7792
1144,1145,3,male,2.4,0,0,9.325
1145,1146,3,male,3.2,0,0,9.5
1146,1147,3,male,2.9,0,0,7.55
1147,1148,3,male,2.9,0,0,7.75
1148,1149,3,male,2.8,0,0,8.05
1149,1150,2,female,1.9,0,0,13.0
1150,1151,3,male,2.1,0,0,7.775
1151,1152,3,male,3.6,1,0,17.4
1152,1153,3,male,2.1,0,0,7.8542
1153,1154,2,female,2.9,0,2,23.0
1154,1155,3,female,0.1,1,1,12.1833
1155,1156,2,male,3.0,0,0,12.7375
1156,1157,3,male,2.9,0,0,7.8958
1157,1158,1,male,2.9,0,0,0.0
1158,1159,3,male,2.9,0,0,7.55
1159,1160,3,female,2.9,0,0,8.05
1160,1161,3,male,1.7,0,0,8.6625
1161,1162,1,male,4.6,0,0,75.2417
1162,1163,3,male,2.9,0,0,7.75
1163,1164,1,female,2.6,1,0,136.7792
1164,1165,3,female,2.9,1,0,15.5
1165,1166,3,male,2.9,0,0,7.225
1166,1167,2,female,2.0,1,0,26.0
1167,1168,2,male,2.8,0,0,10.5
1168,1169,2,male,4.0,1,0,26.0
1169,1170,2,male,3.0,1,0,21.0
1170,1171,2,male,2.2,0,0,10.5
1171,1172,3,female,2.3,0,0,8.6625
1172,1173,3,male,0.0,1,1,13.775
1173,1174,3,female,2.9,0,0,7.75
1174,1175,3,female,0.9,1,1,15.2458
1175,1176,3,female,0.2,1,1,20.2125
1176,1177,3,male,3.6,0,0,7.25
1177,1178,3,male,2.9,0,0,7.25
1178,1179,1,male,2.4,1,0,82.2667
1179,1180,3,male,2.9,0,0,7.2292
1180,1181,3,male,2.9,0,0,8.05
1181,1182,1,male,2.9,0,0,39.6
1182,1183,3,female,3.0,0,0,6.95
1183,1184,3,male,2.9,0,0,7.2292
1184,1185,1,male,5.3,1,1,81.8583
1185,1186,3,male,3.6,0,0,9.5
1186,1187,3,male,2.6,0,0,7.8958
1187,1188,2,female,0.1,1,2,41.5792
1188,1189,3,male,2.9,2,0,21.6792
1189,1190,1,male,3.0,0,0,45.5
1190,1191,3,male,2.9,0,0,7.8542
1191,1192,3,male,3.2,0,0,7.775
1192,1193,2,male,2.9,0,0,15.0458
1193,1194,2,male,4.3,0,1,21.0
1194,1195,3,male,2.4,0,0,8.6625
1195,1196,3,female,2.9,0,0,7.75
1196,1197,1,female,6.4,1,1,26.55
1197,1198,1,male,3.0,1,2,151.55
1198,1199,3,male,0.0,0,1,9.35
1199,1200,1,male,5.5,1,1,93.5
1200,1201,3,female,4.5,1,0,14.1083
1201,1202,3,male,1.8,0,0,8.6625
1202,1203,3,male,2.2,0,0,7.225
1203,1204,3,male,2.9,0,0,7.575
1204,1205,3,female,3.7,0,0,7.75
1205,1206,1,female,5.5,0,0,135.6333
1206,1207,3,female,1.7,0,0,7.7333
1207,1208,1,male,5.7,1,0,146.5208
1208,1209,2,male,1.9,0,0,10.5
1209,1210,3,male,2.7,0,0,7.8542
1210,1211,2,male,2.2,2,0,31.5
1211,1212,3,male,2.6,0,0,7.775
1212,1213,3,male,2.5,0,0,7.2292
1213,1214,2,male,2.6,0,0,13.0
1214,1215,1,male,3.3,0,0,26.55
1215,1216,1,female,3.9,0,0,211.3375
1216,1217,3,male,2.3,0,0,7.05
1217,1218,2,female,1.2,2,1,39.0
1218,1219,1,male,4.6,0,0,79.2
1219,1220,2,male,2.9,1,0,26.0
1220,1221,2,male,2.1,0,0,13.0
1221,1222,2,female,4.8,0,2,36.75
1222,1223,1,male,3.9,0,0,29.7
1223,1224,3,male,2.9,0,0,7.225
1224,1225,3,female,1.9,1,1,15.7417
1225,1226,3,male,2.7,0,0,7.8958
1226,1227,1,male,3.0,0,0,26.0
1227,1228,2,male,3.2,0,0,13.0
1228,1229,3,male,3.9,0,2,7.2292
1229,1230,2,male,2.5,0,0,31.5
1230,1231,3,male,2.9,0,0,7.2292
1231,1232,2,male,1.8,0,0,10.5
1232,1233,3,male,3.2,0,0,7.5792
1233,1234,3,male,2.9,1,9,69.55
1234,1235,1,female,5.8,0,1,512.3292
1235,1236,3,male,2.9,1,1,14.5
1236,1237,3,female,1.6,0,0,7.65
1237,1238,2,male,2.6,0,0,13.0
1238,1239,3,female,3.8,0,0,7.2292
1239,1240,2,male,2.4,0,0,13.5
1240,1241,2,female,3.1,0,0,21.0
1241,1242,1,female,4.5,0,1,63.3583
1242,1243,2,male,2.5,0,0,10.5
1243,1244,2,male,1.8,0,0,73.5
1244,1245,2,male,4.9,1,2,65.0
1245,1246,3,female,0.0,1,2,20.575
1246,1247,1,male,5.0,0,0,26.0
1247,1248,1,female,5.9,2,0,51.4792
1248,1249,3,male,2.9,0,0,7.8792
1249,1250,3,male,2.9,0,0,7.75
1250,1251,3,female,3.0,1,0,15.55
1251,1252,3,male,1.4,8,2,69.55
1252,1253,2,female,2.4,1,1,37.0042
1253,1254,2,female,3.1,0,0,21.0
1254,1255,3,male,2.7,0,0,8.6625
1255,1256,1,female,2.5,1,0,55.4417
1256,1257,3,female,2.9,1,9,69.55
1257,1258,3,male,2.9,1,0,14.4583
1258,1259,3,female,2.2,0,0,39.6875
1259,1260,1,female,4.5,0,1,59.4
1260,1261,2,male,2.9,0,0,13.8583
1261,1262,2,male,2.1,1,0,11.5
1262,1263,1,female,3.1,0,0,134.5
1263,1264,1,male,4.9,0,0,0.0
1264,1265,2,male,4.4,0,0,13.0
1265,1266,1,female,5.4,1,1,81.8583
1266,1267,1,female,4.5,0,0,262.375
1267,1268,3,female,2.2,2,0,8.6625
1268,1269,2,male,2.1,0,0,11.5
1269,1270,1,male,5.5,0,0,50.0
1270,1271,3,male,0.5,4,2,31.3875
1271,1272,3,male,2.9,0,0,7.75
1272,1273,3,male,2.6,0,0,7.8792
1273,1274,3,female,2.9,0,0,14.5
1274,1275,3,female,1.9,1,0,16.1
1275,1276,2,male,2.9,0,0,12.875
1276,1277,2,female,2.4,1,2,65.0
1277,1278,3,male,2.4,0,0,7.775
1278,1279,2,male,5.7,0,0,13.0
1279,1280,3,male,2.1,0,0,7.75
1280,1281,3,male,0.6,3,1,21.075
1281,1282,1,male,2.3,0,0,93.5
1282,1283,1,female,5.1,0,1,39.4
1283,1284,3,male,1.3,0,2,20.25
1284,1285,2,male,4.7,0,0,10.5
1285,1286,3,male,2.9,3,1,22.025
1286,1287,1,female,1.8,1,0,60.0
1287,1288,3,male,2.4,0,0,7.25
1288,1289,1,female,4.8,1,1,79.2
1289,1290,3,male,2.2,0,0,7.775
1290,1291,3,male,3.1,0,0,7.7333
1291,1292,1,female,3.0,0,0,164.8667
1292,1293,2,male,3.8,1,0,21.0
1293,1294,1,female,2.2,0,1,59.4
1294,1295,1,male,1.7,0,0,47.1
1295,1296,1,male,4.3,1,0,27.7208
1296,1297,2,male,2.0,0,0,13.8625
1297,1298,2,male,2.3,1,0,10.5
1298,1299,1,male,5.0,1,1,211.5
1299,1300,3,female,2.9,0,0,7.7208
1300,1301,3,female,0.3,1,1,13.775
1301,1302,3,female,2.9,0,0,7.75
1302,1303,1,female,3.7,1,0,90.0
1303,1304,3,female,2.8,0,0,7.775
1304,1305,3,male,2.9,0,0,8.05
1305,1306,1,female,3.9,0,0,108.9
1306,1307,3,male,3.8,0,0,7.25
1307,1308,3,male,2.9,0,0,8.05
1308,1309,3,male,2.9,1,1,22.3583
